week,as_of,status,action,model_version,serving_version_next,share_drifted,drifted_features,live_auc,baseline_auc,retrained,promoted,true_drift_cov,true_drift_concept
0,2025-01-13,OK,NONE,1,1,0.0,,,0.812775,False,False,0.0,0.0
1,2025-01-20,OK,NONE,1,1,0.0,,0.7948085530984955,0.812775,False,False,0.0,0.0
2,2025-01-27,OK,NONE,1,1,0.0,,0.8061356132333324,0.812775,False,False,0.0,0.0
3,2025-02-03,OK,NONE,1,1,0.0,,0.8100757213511373,0.812775,False,False,0.0,0.0
4,2025-02-10,OK,NONE,1,1,0.0,,0.796491150832086,0.812775,False,False,0.2,0.0
5,2025-02-17,WARNING,WATCH,1,1,0.1111111111111111,monthly_charges,0.7982898995060468,0.812775,False,False,0.4,0.0
6,2025-02-24,WARNING,WATCH,1,1,0.2222222222222222,"monthly_charges,num_support_calls",0.769177604381976,0.812775,False,False,0.6,0.0
7,2025-03-03,CRITICAL,RETRAIN,1,2,0.3333333333333333,"monthly_charges,num_support_calls,contract_type",0.7858488949802981,0.812775,True,True,0.8,0.0
8,2025-03-10,CRITICAL,RETRAIN,2,2,0.3333333333333333,"monthly_charges,num_support_calls,contract_type",,0.789297,False,False,1.0,0.0
9,2025-03-17,CRITICAL,RETRAIN,2,2,0.4444444444444444,"monthly_charges,total_charges,num_support_calls,contract_type",0.8036932958651144,0.789297,True,False,1.0,0.17
10,2025-03-24,CRITICAL,RETRAIN,2,2,0.4444444444444444,"monthly_charges,total_charges,num_support_calls,contract_type",0.8029917070880925,0.789297,False,False,1.0,0.33
11,2025-03-31,CRITICAL,RETRAIN,2,4,0.4444444444444444,"monthly_charges,total_charges,num_support_calls,contract_type",0.7846537905662856,0.789297,True,True,1.0,0.5
12,2025-04-07,OK,NONE,4,4,0.0,,,0.791943,False,False,1.0,0.67
13,2025-04-14,OK,NONE,4,4,0.0,,0.7538992304850637,0.791943,False,False,1.0,0.83
14,2025-04-21,CRITICAL,RETRAIN,4,5,0.0,,0.7221214157002844,0.791943,True,True,1.0,1.0
15,2025-04-28,OK,NONE,5,5,0.0,,,0.782186,False,False,1.0,1.0
16,2025-05-05,OK,NONE,5,5,0.0,,0.7408425598152193,0.782186,False,False,1.0,1.0
17,2025-05-12,OK,NONE,5,5,0.0,,0.7464805702110389,0.782186,False,False,1.0,1.0
18,2025-05-19,OK,NONE,5,5,0.0,,0.7590412243331172,0.782186,False,False,1.0,1.0
19,2025-05-26,OK,NONE,5,5,0.0,,0.7938780641106223,0.782186,False,False,1.0,1.0
20,2025-06-02,OK,NONE,5,5,0.0,,0.7599497171590195,0.782186,False,False,1.0,1.0
21,2025-06-09,OK,NONE,5,5,0.0,,0.738473560823131,0.782186,False,False,1.0,1.0
